id,group,name,wall_s,mass_kg,mass_msun,spin0,norbi,emission_model,cmb_K,accretion,disk,n_infall,steps,evaporated,end_time_s,end_time_gyr,end_mass_kg,delta_m_kg,delta_m_rel,final_spin,T_H0_K,entropy0,net_rate0_kg_s,hawking_J,cmb_absorbed_J,accreted_J,accretion_lum_J,ledger_rel_err,equilibrium_mass_kg,disk_efficiency0,r_plus_m,horizon_to_end_tau_s,bounce_radius_m,causal_channel,bu_final_efolds,bu_peak_hubble,nonthermality0,info_active_model,info_final_MI_bits,info_page_turnover,info_unitary_MI_bits,object,ring_pred_uas,ring_obs_uas,ring_deviation,shadow_uas,eddington_ratio,n_warnings
catalog__sgr-a_norbi-false,catalog,sgr-a_norbi-false,1.155,8.549625612e+36,4299600.0,0.9,False,MacGibbon,2.7255,constant,False,0,100,False,4.350846312e+17,13.787,8.549817133440727e+36,1.9152144072754023e+32,2.24011494092474e-05,0.8999596792859144,8.712603767156418e-15,1.3922077973814993e+90,440193532461277.7,5.364730899623883e-22,1.8619864810513295e+34,1.7247583836975257e+49,3.449516767395052e+46,0.0,43.379315298657716,0.15575299199446402,9116592738.57693,28.237708384099843,,False,,,0.24114190306500236,semiclassical,0.0,False,2.0,sgr-a,56.41095524416794,51.8,-0.08173864853395907,53.29453122894158,1.4668494132260822e-09,2
catalog__sgr-a_norbi-true,catalog,sgr-a_norbi-true,1.129,8.549625612e+36,4299600.0,0.9,True,MacGibbon,2.7255,constant,False,0,100,False,4.350846312e+17,13.787,8.549817133440727e+36,1.9152144072754023e+32,2.24011494092474e-05,0.8999596792859144,8.712603767156418e-15,1.3922077973814993e+90,440193532461277.7,5.364730899623883e-22,1.8619864810513295e+34,1.7247583836975257e+49,3.449516767395052e+46,0.0,43.379315298657716,0.15575299199446402,9116592738.57693,28.237708384099843,9.889496323747555e-21,False,71.63012318547649,1.6584661790287851e+43,0.24114190306500236,norbi,0.0,False,2.0,sgr-a,56.41095524416794,51.8,-0.08173864853395907,53.29453122894158,1.4668494132260822e-09,3
catalog__m87_norbi-false,catalog,m87_norbi-false,1.72,1.2925054999999999e+40,6499999999.999999,0.9,False,MacGibbon,2.7255,constant,False,0,100,False,4.350846312e+17,13.787,1.2949728532300999e+40,2.4673532301000486e+37,0.0019089692307692684,0.8965736696420067,5.763186331887038e-18,3.1818131080243295e+96,5.670973077800703e+19,2.3164931165267088e-28,4.263499247739274e+40,2.463940548139323e+54,2.463940548139323e+53,0.0,0.12085809201567192,0.15575299199446402,13782178063250.076,42688.87908099566,,False,,,0.2411419030650029,semiclassical,0.0,False,2.0,m87,42.010196121287315,42.0,-0.00024270587211439043,39.68934224618325,6.9306216891284225e-06,2
catalog__m87_norbi-true,catalog,m87_norbi-true,1.803,1.2925054999999999e+40,6499999999.999999,0.9,True,MacGibbon,2.7255,constant,False,0,100,False,4.350846312e+17,13.787,1.2949728532300999e+40,2.4673532301000486e+37,0.0019089692307692684,0.8965736696420067,5.763186331887038e-18,3.1818131080243295e+96,5.670973077800703e+19,2.3164931165267088e-28,4.263499247739274e+40,2.463940548139323e+54,2.463940548139323e+53,0.0,0.12085809201567192,0.15575299199446402,13782178063250.076,42688.879080995655,1.1350176302892958e-19,False,76.5108134926545,1.6136926368035032e+43,0.2411419030650029,norbi,0.0,False,2.0,m87,42.010196121287315,42.0,-0.00024270587211439043,39.68934224618325,6.9306216891284225e-06,3
catalog__cyg-x1_norbi-false,catalog,cyg-x1_norbi-false,1.11,4.2155564e+31,21.2,0.998,False,MacGibbon,2.7255,constant,True,0,100,False,157788000000000.0,0.005,4.217581674097245e+31,2.0252740972457326e+28,0.0004804286564036322,0.998,3.460800622556075e-10,2.506219998760099e+79,128354126882001.94,1.1198443414419649e-13,1.6424466352236613e+20,2.6807215653941998e+45,8.604959821330645e+44,1.712239927141538e-16,68.17489595633103,0.3209941656162,33284.33441867498,0.00013923142100263203,,False,,,0.05356935175864887,semiclassical,0.0,False,2.0,cyg-x1,0.0010368919924156404,,,0.0009796088797228433,0.02046294243533711,2
catalog__cyg-x1_norbi-true,catalog,cyg-x1_norbi-true,1.135,4.2155564e+31,21.2,0.998,True,MacGibbon,2.7255,constant,True,0,100,False,157788000000000.0,0.005,4.217581674097245e+31,2.0252740972457326e+28,0.0004804286564036322,0.998,3.460800622556075e-10,2.506219998760099e+79,128354126882001.94,1.1198443414419649e-13,1.6424466352236613e+20,2.6807215653941998e+45,8.604959821330645e+44,1.712239927141538e-16,68.17489595633103,0.3209941656162,33284.33441867498,0.000139231421002632,1.683229919939488e-22,False,63.48343560454112,1.7076882045589236e+43,0.05356935175864887,norbi,0.0,False,2.0,cyg-x1,0.0010368919924156404,,,0.0009796088797228433,0.02046294243533711,3
catalog__gw250114_norbi-false,catalog,gw250114_norbi-false,1.702,1.24677069e+32,62.7,0.68,False,MacGibbon,2.7255,none,False,0,100,False,4.350846312e+17,13.787,1.24677069e+32,44055928.85914014,3.533603188822168e-25,0.68,8.32589118162459e-10,3.5736631270491847e+80,1.0125829712171216e-10,3.6147480292783e-13,3.9595494216213016e+24,0.0,0.0,0.0,5.561639777091671e+22,0.10076437468027732,160473.23840421397,0.00041178349513514294,,False,,,0.2774408131914339,semiclassical,0.0,False,2.0,gw250114,1.5472678386824904e-08,,,1.4617890051901956e-08,0.0,2
catalog__gw250114_norbi-true,catalog,gw250114_norbi-true,1.61,1.24677069e+32,62.7,0.68,True,MacGibbon,2.7255,none,False,0,100,False,4.350846312e+17,13.787,1.24677069e+32,44055928.85914014,3.533603188822168e-25,0.68,8.32589118162459e-10,3.5736631270491847e+80,1.0125829712171216e-10,3.6147480292783e-13,3.9595494216213016e+24,0.0,0.0,0.0,5.561639777091671e+22,0.10076437468027732,160473.23840421397,0.0004117834951351429,2.4161320644575897e-22,False,64.20634244851506,1.7048623729393956e+43,0.2774408131914339,norbi,0.0,False,2.0,gw250114,1.5472678386824904e-08,,,1.4617890051901956e-08,0.0,3
catalog__gw150914_norbi-false,catalog,gw150914_norbi-false,1.584,1.25472457e+32,63.1,0.69,False,MacGibbon,2.7255,none,False,0,100,False,4.350846312e+17,13.787,1.25472457e+32,44619839.01081861,3.5561461118768567e-25,0.69,8.211565472721606e-10,3.599770131870839e+80,1.0255439013727826e-10,3.7374091943491166e-13,4.010231138537631e+24,0.0,0.0,0.0,5.561639777091671e+22,0.10215748194984897,160620.86357839333,0.00041441050307858886,,False,,,0.277530468430384,semiclassical,0.0,False,2.0,gw150914,1.5571387658830166e-08,,,1.4711146128788094e-08,0.0,2
catalog__gw150914_norbi-true,catalog,gw150914_norbi-true,1.617,1.25472457e+32,63.1,0.69,True,MacGibbon,2.7255,none,False,0,100,False,4.350846312e+17,13.787,1.25472457e+32,44619839.01081861,3.5561461118768567e-25,0.69,8.211565472721606e-10,3.599770131870839e+80,1.0255439013727826e-10,3.7374091943491166e-13,4.010231138537631e+24,0.0,0.0,0.0,5.561639777091671e+22,0.10215748194984897,160620.86357839333,0.0004144105030785888,2.421259150526473e-22,False,64.21058199645393,1.7048448240144363e+43,0.277530468430384,norbi,0.0,False,2.0,gw150914,1.5571387658830166e-08,,,1.4711146128788094e-08,0.0,3
catalog__pbh-today_norbi-false,catalog,pbh-today_norbi-false,2.049,510000000000.0,2.5647859912394957e-19,0.0,False,MacGibbon,2.7255,none,False,0,100,True,3.513113865015308e+17,11.132386065528774,1.8093989823253082e-08,-509999999999.982,-0.9999999999999647,0.0,240568758940.00336,6.900158644040186e+39,-4.0736849301990497e-07,4.583651411557608e+28,7.65366192387315e-41,0.0,0.0,3.530986479480615e-14,5.561639777091671e+22,0.057190958417936644,7.574683474501037e-16,1.684428293056222e-24,,False,,,0.26694219172441863,semiclassical,0.0,False,2.0,pbh-today,,,,,0.0,1
catalog__pbh-today_norbi-true,catalog,pbh-today_norbi-true,2.055,510000000000.0,2.5647859912394957e-19,0.0,True,MacGibbon,2.7255,none,False,0,100,True,3.513113865015308e+17,11.132386065528774,1.8093989823253082e-08,-509999999999.982,-0.9999999999999647,0.0,240568758940.00336,6.900158644040186e+39,-4.0736849301990497e-07,4.583651411557608e+28,7.65366192387315e-41,0.0,0.0,3.530986479480615e-14,5.561639777091671e+22,0.057190958417936644,7.574683474501037e-16,1.684428293056222e-24,3.8641015643655283e-29,False,32.90927366611609,1.6949642286529188e+43,0.26694219172441863,norbi,0.0,False,2.0,pbh-today,,,,,0.0,2
mass_cmb__m4.35e-08,mass_cmb,m4.35e-08,1.287,4.352868e-08,2.1890538957087613e-38,0.0,False,MacGibbon,2.7255,none,False,0,100,True,3.0805338244100254e-41,9.761622634199133e-58,1.8093989823253082e-08,-2.543469017674695e-08,-0.5843202729039095,0.0,2.818602977609284e+30,50.26546662706792,-4.3717775766887705e+32,2285955951.5917783,3.4619202838758167e-175,0.0,0.0,6.094291060550826e-16,5.561639777091671e+22,0.057190958417936644,6.465019079663606e-35,1.2021195216775523e-43,,False,,,0.26694219172441813,semiclassical,0.0,False,2.0,,,,,,,1
mass_cmb__m1e-06,mass_cmb,m1e-06,1.318,1e-06,5.028992139685286e-37,0.0,False,MacGibbon,2.7255,none,False,0,100,True,4.0240847574002905e-37,1.275155511635958e-53,1.8093989823253082e-08,-9.819060101767458e-07,-0.9819060101767458,0.0,1.2269006705940172e+29,26528.86829696343,-8.283407999999994e+29,88249311167.91565,1.1717120476162272e-165,0.0,0.0,1.3582154004560772e-15,5.561639777091671e+22,0.057190958417936644,1.485232053823733e-33,3.28322158933896e-42,,False,,,0.2669421917244179,semiclassical,0.0,False,2.0,,,,,,,1
mass_cmb__m1,mass_cmb,m1,1.603,1.0,5.028992139685286e-31,0.0,False,MacGibbon,2.7255,none,False,0,100,True,4.0241085971728753e-19,1.2751630660040291e-35,1.8093989823253082e-08,-0.9999999819059994,-0.9999999819059994,0.0,1.2269006705940172e+23,2.652886829696343e+16,-8.283407995563446e+17,8.987551624747408e+16,1.1717120481028289e-123,0.0,0.0,1.0859464547083317e-14,5.561639777091671e+22,0.057190958417936644,1.4852320538237331e-27,3.302800555212142e-36,,False,,,0.26694219172441874,semiclassical,0.0,False,2.0,,,,,,,1
mass_cmb__m1e+03,mass_cmb,m1e+03,1.734,1000.0,5.028992139685286e-28,0.0,False,MacGibbon,2.7255,none,False,0,100,True,4.0241102120242433e-10,1.2751635777195488e-26,1.8093989823253082e-08,-999.9999999819049,-0.9999999999819049,0.0,1.226900670594017e+20,2.652886829696342e+22,-828340356345.4192,8.987551787205545e+19,1.1717125966597015e-102,0.0,0.0,1.0937795111029491e-15,5.561639777091671e+22,0.057190958417936644,1.4852320538237329e-24,3.302800574600636e-33,,False,,,0.2669421917244167,semiclassical,0.0,False,2.0,,,,,,,1
mass_cmb__m1e+06,mass_cmb,m1e+06,1.822,1000000.0,5.0289921396852855e-25,0.0,False,MacGibbon,2.7255,none,False,0,100,True,0.4025723550617433,1.2756748138696964e-17,1.8093989823253082e-08,-999999.99999998,-0.99999999999998,0.0,1.2269006705940171e+17,2.6528868296963433e+28,-827897.9012488725,8.987551787367996e+22,1.1722605937081558e-81,0.0,0.0,1.8667170322823665e-15,5.561639777091671e+22,0.057190958417936644,1.485232053823733e-21,3.302800574620024e-30,,False,,,0.2669421917244179,semiclassical,0.0,False,2.0,,,,,,,1
mass_cmb__m1e+09,mass_cmb,m1e+09,1.926,1000000000.0,5.028992139685285e-22,0.0,False,MacGibbon,2.7255,none,False,0,100,True,473806412.1525639,1.501401919514044e-08,1.8093989823253082e-08,-999999999.9999928,-0.9999999999999929,0.0,122690067059401.72,2.652886829696343e+34,-0.6906949730500213,8.987551787368112e+25,1.394882990639617e-60,0.0,0.0,7.07261749191143e-15,5.561639777091671e+22,0.057190958417936644,1.485232053823733e-18,3.302800574620044e-27,,False,,,0.26694219172441697,semiclassical,0.0,False,2.0,,,,,,,1
mass_cmb__m1e+11,mass_cmb,m1e+11,1.998,100000000000.0,5.028992139685286e-20,0.0,False,MacGibbon,2.7255,none,False,0,100,True,998327318797430.9,0.031635083745197065,1.8093989823253082e-08,-99999999999.99977,-0.9999999999999977,0.0,1226900670594.017,2.6528868296963438e+38,-2.900730591993308e-05,8.987551787368156e+27,3.127646400254224e-46,0.0,0.0,2.324406181125486e-15,5.561639777091671e+22,0.057190958417936644,1.4852320538237332e-16,3.3028005746200445e-25,,False,,,0.26694219172441863,semiclassical,0.0,False,2.0,,,,,,,1
mass_cmb__m5.1e+11,mass_cmb,m5.1e+11,2.027,510000000000.0,2.5647859912394957e-19,0.0,False,MacGibbon,2.7255,none,False,0,100,True,3.513113865015308e+17,11.132386065528774,1.8093989823253082e-08,-509999999999.982,-0.9999999999999647,0.0,240568758940.00336,6.900158644040186e+39,-4.0736849301990497e-07,4.583651411557608e+28,7.65366192387315e-41,0.0,0.0,3.530986479480615e-14,5.561639777091671e+22,0.057190958417936644,7.574683474501037e-16,1.684428293056222e-24,,False,,,0.26694219172441863,semiclassical,0.0,False,2.0,,,,,,,1
mass_cmb__m1e+12,mass_cmb,m1e+12,2.049,1000000000000.0,5.028992139685286e-19,0.0,False,MacGibbon,2.7255,none,False,0,100,True,3.483165453276151e+18,110.37485275420661,1.8093989823253082e-08,-999999999999.995,-0.999999999999995,0.0,122690067059.4017,2.6528868296963427e+40,-8.827187153680043e-08,8.987551787368131e+28,1.0719123416060976e-38,0.0,0.0,5.0892261649905376e-15,5.561639777091671e+22,0.057190958417936644,1.485232053823733e-15,3.3028005746200434e-24,,False,,,0.2669421917244156,semiclassical,0.0,False,2.0,,,,,,,1
mass_cmb__m1e+15,mass_cmb,m1e+15,2.253,1000000000000000.0,5.028992139685286e-16,0.0,False,MacGibbon,2.7255,none,False,0,100,True,6.127981287697422e+27,194184009167.28214,1.8093989823253082e-08,-1000000000000012.4,-1.0000000000000124,0.0,122690067.05940172,2.6528868296963434e+46,-5.425508584709857e-14,8.987551787368288e+31,1.7886482614056072e-17,0.0,0.0,1.2427107337035357e-14,5.561639777091671e+22,0.057190958417936644,1.4852320538237332e-12,3.3028005746200447e-21,,False,,,0.26694219172441813,semiclassical,0.0,False,2.0,,,,,,,1
mass_cmb__m1e+18,mass_cmb,m1e+18,2.597,1e+18,5.028992139685286e-13,0.0,False,MacGibbon,2.7255,none,False,0,100,True,6.145526255610235e+36,1.9473997565119765e+20,1.8093989823253082e-08,-1.0000000000000055e+18,-1.0000000000000056,0.0,122690.06705940171,2.6528868296963427e+52,-5.423519976334367e-20,8.987551787368225e+34,17894.90898200625,0.0,0.0,5.336440415181118e-15,5.561639777091671e+22,0.057190958417936644,1.485232053823733e-09,3.3028005746200432e-18,,False,,,0.26694219172441636,semiclassical,0.0,False,2.0,,,,,,,1
mass_cmb__m1e+20,mass_cmb,m1e+20,2.621,1e+20,5.028992139685286e-11,0.0,False,MacGibbon,2.7255,none,False,0,100,True,6.305630886852461e+42,1.9981338526543402e+26,1.8093989823253082e-08,-9.999999999999785e+19,-0.9999999999999786,0.0,1226.9006705940171,2.6528868296963426e+56,-5.241866411011345e-24,8.987551787367984e+36,1.84382419271798e+18,0.0,0.0,2.1411440927372858e-14,5.561639777091671e+22,0.057190958417936644,1.485232053823733e-07,3.3028005746200437e-16,,False,,,0.2669421917244194,semiclassical,0.0,False,2.0,,,,,,,1
mass_cmb__m1e+22,mass_cmb,m1e+22,2.753,1e+22,5.028992139685286e-09,0.0,False,MacGibbon,2.7255,none,False,0,100,True,1.2268825030369065e+49,3.887756049372913e+32,1.8093989823253082e-08,-1.000000000000033e+22,-1.0000000000000329,0.0,12.269006705940171,2.652886829696342e+60,-2.5462053506654605e-28,8.987555798928453e+38,4.011559981449681e+32,0.0,0.0,3.2955214124056616e-14,5.561639777091671e+22,0.057190958417936644,1.4852320538237328e-05,3.302800574620043e-14,,False,,,0.26694219172441813,semiclassical,0.0,False,2.0,,,,,,,1
mass_cmb__m5e+22,mass_cmb,m5e+22,2.837,5e+22,2.5144960698426428e-08,0.0,False,MacGibbon,2.7255,none,False,0,100,True,2.298510287849959e+51,7.283539584283846e+34,1.8093989823253082e-08,-5.000000000000018e+22,-1.0000000000000038,0.0,2.453801341188034,6.632217074240856e+61,-4.251354868020057e-30,4.976996523235416e+39,4.832206295513119e+38,0.0,0.0,3.1577349073118587e-15,5.561639777091671e+22,0.057190958417936644,7.426160269118664e-05,1.6514002873100217e-13,,False,,,0.2669421917244184,semiclassical,0.0,False,2.0,,,,,,,1
mass_cmb__m7e+22,mass_cmb,m7e+22,1.141,7e+22,3.5202944977797e-08,0.0,False,MacGibbon,2.7255,none,False,0,100,False,4.350846312e+17,13.787,7e+22,5.13383422379609e-12,7.334048891137271e-35,0.0,1.7527152437057387,1.2999145465512081e+62,1.1799622086481302e-29,182391.72539583407,643797.7349371386,0.0,0.0,0.0,5.561639777091671e+22,0.057190958417936644,0.00010396624376766132,2.3119604022340306e-13,,False,,,0.266942191724417,semiclassical,0.0,False,2.0,,,,,,,1
mass_cmb__m1e+23,mass_cmb,m1e+23,1.164,1e+23,5.0289921396852856e-08,0.0,False,MacGibbon,2.7255,none,False,0,100,False,4.350846312e+17,13.787,1e+23,1.945351118589771e-11,1.9453511185897714e-34,0.0,1.226900670594017,2.6528868296963423e+62,4.4712016446646946e-29,89371.73298624046,1837766.1252802582,0.0,0.0,0.0,5.561639777091671e+22,0.057190958417936644,0.00014852320538237329,3.3028005746200434e-13,,False,,,0.2669421917244184,semiclassical,0.0,False,2.0,,,,,,,1
mass_cmb__m1e+25,mass_cmb,m1e+25,1.12,1e+25,5.028992139685286e-06,0.0,False,MacGibbon,2.7255,none,False,0,100,False,4.350846312e+17,13.787,1e+25,2.8342045543364544e-07,2.834204554336454e-32,0.0,0.01226900670594017,2.6528868296963433e+66,6.51414541239823e-25,8.937173200953882,25472560217.0308,0.0,0.0,0.0,5.561639777091671e+22,0.057190958417936644,0.014852320538237332,3.302800574620044e-11,,False,,,0.266942191724419,semiclassical,0.0,False,2.0,,,,,,,1
mass_cmb__m1.99e+30,mass_cmb,m1.99e+30,1.176,1.9884700000000003e+30,1.0000000000000002,0.0,False,MacGibbon,2.7255,none,False,0,100,False,4.350846312e+17,13.787,1.9884700000000003e+30,11206.481551638311,5.6357307636717225e-27,0.0,6.170073828591917e-08,1.0489548855362514e+77,2.5757015412679364e-14,2.2602791985095602e-10,1.007188332995354e+21,0.0,0.0,0.0,5.561639777091671e+22,0.057190958417936644,2953.3393820668784,6.567519858614716e-06,,False,,,0.2669421917244173,semiclassical,0.0,False,2.0,,,,,,,1
mass_vacuum__m4.35e-08,mass_vacuum,m4.35e-08,1.18,4.352868e-08,2.1890538957087613e-38,0.0,False,MacGibbon,0.0,none,False,0,100,True,3.0805338244100254e-41,9.761622634199133e-58,1.8093989823253082e-08,-2.543469017674695e-08,-0.5843202729039095,0.0,2.818602977609284e+30,50.26546662706792,-4.3717775766887705e+32,2285955951.5917783,0.0,0.0,0.0,6.094291060550826e-16,,0.057190958417936644,6.465019079663606e-35,1.2021195216775523e-43,,False,,,0.26694219172441813,semiclassical,0.0,False,2.0,,,,,,,1
mass_vacuum__m1e-06,mass_vacuum,m1e-06,1.252,1e-06,5.028992139685286e-37,0.0,False,MacGibbon,0.0,none,False,0,100,True,4.0240847574002905e-37,1.275155511635958e-53,1.8093989823253082e-08,-9.819060101767458e-07,-0.9819060101767458,0.0,1.2269006705940172e+29,26528.86829696343,-8.283407999999994e+29,88249311167.91565,0.0,0.0,0.0,1.3582154004560772e-15,,0.057190958417936644,1.485232053823733e-33,3.28322158933896e-42,,False,,,0.2669421917244179,semiclassical,0.0,False,2.0,,,,,,,1
mass_vacuum__m1,mass_vacuum,m1,1.264,1.0,5.028992139685286e-31,0.0,False,MacGibbon,0.0,none,False,0,100,True,4.0241085971728753e-19,1.2751630660040291e-35,1.8093989823253082e-08,-0.9999999819059994,-0.9999999819059994,0.0,1.2269006705940172e+23,2.652886829696343e+16,-8.283407995563446e+17,8.987551624747408e+16,0.0,0.0,0.0,1.0859464547083317e-14,,0.057190958417936644,1.4852320538237331e-27,3.302800555212142e-36,,False,,,0.26694219172441874,semiclassical,0.0,False,2.0,,,,,,,1
mass_vacuum__m1e+03,mass_vacuum,m1e+03,1.285,1000.0,5.028992139685286e-28,0.0,False,MacGibbon,0.0,none,False,0,100,True,4.0241102120242433e-10,1.2751635777195488e-26,1.8093989823253082e-08,-999.9999999819049,-0.9999999999819049,0.0,1.226900670594017e+20,2.652886829696342e+22,-828340356345.4192,8.987551787205545e+19,0.0,0.0,0.0,1.0937795111029491e-15,,0.057190958417936644,1.4852320538237329e-24,3.302800574600636e-33,,False,,,0.2669421917244167,semiclassical,0.0,False,2.0,,,,,,,1
mass_vacuum__m1e+06,mass_vacuum,m1e+06,1.246,1000000.0,5.0289921396852855e-25,0.0,False,MacGibbon,0.0,none,False,0,100,True,0.4025723550617433,1.2756748138696964e-17,1.8093989823253082e-08,-999999.99999998,-0.99999999999998,0.0,1.2269006705940171e+17,2.6528868296963433e+28,-827897.9012488725,8.987551787367996e+22,0.0,0.0,0.0,1.8667170322823665e-15,,0.057190958417936644,1.485232053823733e-21,3.302800574620024e-30,,False,,,0.2669421917244179,semiclassical,0.0,False,2.0,,,,,,,1
mass_vacuum__m1e+09,mass_vacuum,m1e+09,1.354,1000000000.0,5.028992139685285e-22,0.0,False,MacGibbon,0.0,none,False,0,100,True,473806412.1525639,1.501401919514044e-08,1.8093989823253082e-08,-999999999.9999928,-0.9999999999999929,0.0,122690067059401.72,2.652886829696343e+34,-0.6906949730500213,8.987551787368112e+25,0.0,0.0,0.0,7.07261749191143e-15,,0.057190958417936644,1.485232053823733e-18,3.302800574620044e-27,,False,,,0.26694219172441697,semiclassical,0.0,False,2.0,,,,,,,1
mass_vacuum__m1e+11,mass_vacuum,m1e+11,1.258,100000000000.0,5.028992139685286e-20,0.0,False,MacGibbon,0.0,none,False,0,100,True,998327318797428.1,0.031635083745196975,1.8093989823253082e-08,-100000000000.00069,-1.0000000000000069,0.0,1226900670594.017,2.6528868296963438e+38,-2.900730591993308e-05,8.987551787368238e+27,0.0,0.0,0.0,6.850881375948801e-15,,0.057190958417936644,1.4852320538237332e-16,3.3028005746200445e-25,,False,,,0.26694219172441863,semiclassical,0.0,False,2.0,,,,,,,1
mass_vacuum__m5.1e+11,mass_vacuum,m5.1e+11,1.295,510000000000.0,2.5647859912394957e-19,0.0,False,MacGibbon,0.0,none,False,0,100,True,3.5131138650121434e+17,11.132386065518745,1.8093989823253082e-08,-509999999999.99615,-0.9999999999999925,0.0,240568758940.00336,6.900158644040186e+39,-4.0736849301990497e-07,4.583651411557735e+28,0.0,0.0,0.0,7.484156124986086e-15,,0.057190958417936644,7.574683474501037e-16,1.684428293056222e-24,,False,,,0.26694219172441863,semiclassical,0.0,False,2.0,,,,,,,1
mass_vacuum__m1e+12,mass_vacuum,m1e+12,1.262,1000000000000.0,5.028992139685286e-19,0.0,False,MacGibbon,0.0,none,False,0,100,True,3.483165453272296e+18,110.37485275408447,1.8093989823253082e-08,-999999999999.9907,-0.9999999999999907,0.0,122690067059.4017,2.6528868296963427e+40,-8.827187153680043e-08,8.987551787368092e+28,0.0,0.0,0.0,9.39549445844407e-15,,0.057190958417936644,1.485232053823733e-15,3.3028005746200434e-24,,False,,,0.2669421917244156,semiclassical,0.0,False,2.0,,,,,,,1
mass_vacuum__m1e+15,mass_vacuum,m1e+15,1.339,1000000000000000.0,5.028992139685286e-16,0.0,False,MacGibbon,0.0,none,False,0,100,True,6.127981287689641e+27,194184009167.03555,1.8093989823253082e-08,-999999999999997.1,-0.9999999999999971,0.0,122690067.05940172,2.6528868296963434e+46,-5.425508584709857e-14,8.98755178736815e+31,0.0,0.0,0.0,2.806121011588629e-15,,0.057190958417936644,1.4852320538237332e-12,3.3028005746200447e-21,,False,,,0.26694219172441813,semiclassical,0.0,False,2.0,,,,,,,1
mass_vacuum__m1e+18,mass_vacuum,m1e+18,1.267,1e+18,5.028992139685286e-13,0.0,False,MacGibbon,0.0,none,False,0,100,True,6.145526255602157e+36,1.947399756509417e+20,1.8093989823253082e-08,-9.999999999999923e+17,-0.9999999999999923,0.0,122690.06705940171,2.6528868296963427e+52,-5.423519976334367e-20,8.987551787368107e+34,0.0,0.0,0.0,7.79941291449548e-15,,0.057190958417936644,1.485232053823733e-09,3.3028005746200432e-18,,False,,,0.26694219172441636,semiclassical,0.0,False,2.0,,,,,,,1
mass_vacuum__m1e+20,mass_vacuum,m1e+20,1.288,1e+20,5.028992139685286e-11,0.0,False,MacGibbon,0.0,none,False,0,100,True,6.305630886844362e+42,1.9981338526517742e+26,1.8093989823253082e-08,-9.999999999999807e+19,-0.9999999999999807,0.0,1226.9006705940171,2.6528868296963426e+56,-5.241866411011345e-24,8.987551787368003e+36,0.0,0.0,0.0,1.9309704394624602e-14,,0.057190958417936644,1.485232053823733e-07,3.3028005746200437e-16,,False,,,0.2669421917244194,semiclassical,0.0,False,2.0,,,,,,,1
spin__MacGibbon_a0.0,spin,MacGibbon_a0.0,4.676,1000000000000.0,5.028992139685286e-19,0.0,False,MacGibbon,2.7255,none,False,0,300,True,3.483165453276313e+18,110.37485275421176,1.8093989823253082e-08,-1000000000000.01,-1.00000000000001,0.0,122690067059.4017,2.6528868296963427e+40,-8.827187153680043e-08,8.987551787368266e+28,1.0719123416063736e-38,0.0,0.0,9.982712862096825e-15,5.561639777091671e+22,0.057190958417936644,1.485232053823733e-15,3.3028005746200434e-24,,False,,,0.2669421917244156,semiclassical,0.0,False,2.0,,,,,,,1
spin__MacGibbon_a0.1,spin,MacGibbon_a0.1,8.573,1000000000000.0,5.028992139685286e-19,0.1,False,MacGibbon,2.7255,none,False,0,300,True,3.4540578915835397e+18,109.45248978323889,1.8093989823253082e-08,-999999999999.9402,-0.9999999999999402,3.3973598157269315e-116,122381798613.15015,2.6462379486549063e+40,-9.040276456713958e-08,8.987551787367638e+28,1.0581062056600605e-38,0.0,0.0,5.989627717258094e-14,5.561639777091671e+22,0.06063444794139161,1.4815096442832052e-15,3.3028005746200434e-24,,False,,,0.26720742391523855,semiclassical,0.0,False,2.0,,,,,,,2
spin__MacGibbon_a0.3,spin,MacGibbon_a0.3,8.415,1000000000000.0,5.028992139685286e-19,0.3,False,MacGibbon,2.7255,none,False,0,300,True,3.3090859429652987e+18,104.85860594485318,1.8093989823253082e-08,-1000000000000.0287,-1.0000000000000286,1.1211831046501437e-115,119797857075.14711,2.5917897867332023e+40,-1.0918273580594609e-07,8.987551787368434e+28,9.821170842931269e-39,0.0,0.0,2.857796231110071e-14,5.561639777091671e+22,0.06935828605820282,1.4510265665835975e-15,3.3028005746200434e-24,,False,,,0.2693390297543412,semiclassical,0.0,False,2.0,,,,,,,2
spin__MacGibbon_a0.5,spin,MacGibbon_a0.5,8.609,1000000000000.0,5.028992139685286e-19,0.5,False,MacGibbon,2.7255,none,False,0,300,True,3.0137572343899725e+18,95.50020389351448,1.8093989823253082e-08,-999999999999.9928,-0.9999999999999928,2.262180167276649e-115,113881316567.2555,2.4751771087892686e+40,-1.5831170879501135e-07,8.987551787368112e+28,8.339653947133599e-39,0.0,0.0,7.242360311717303e-15,5.561639777091671e+22,0.0821179933392242,1.3857403714750112e-15,3.3028005746200434e-24,,False,,,0.27350119804256523,semiclassical,0.0,False,2.0,,,,,,,2
spin__MacGibbon_a0.7,spin,MacGibbon_a0.7,8.445,1000000000000.0,5.028992139685286e-19,0.7,False,MacGibbon,2.7255,none,False,0,300,True,2.555618247921083e+18,80.98265545925808,1.8093989823253082e-08,-1000000000000.0212,-1.0000000000000213,4.277893585095847e-115,102229792161.18013,2.27371348601319e+40,-3.010441507625027e-07,8.987551787368367e+28,6.218165883277264e-39,0.0,0.0,2.1139862531499157e-14,5.561639777091671e+22,0.10360472775229912,1.2729499475198609e-15,3.3028005746200434e-24,,False,,,0.2775855433861827,semiclassical,0.0,False,2.0,,,,,,,2
spin__MacGibbon_a0.9,spin,MacGibbon_a0.9,8.515,1000000000000.0,5.028992139685286e-19,0.9,False,MacGibbon,2.7255,none,False,0,300,True,1.8893912573943388e+18,59.871196079370385,1.8093989823253082e-08,-1000000000000.0118,-1.0000000000000118,8.937326676961384e-115,74489500314.8882,1.904626694812989e+40,-1.257575131969711e-06,8.987551787368282e+28,3.5001393153634296e-39,0.0,0.0,1.1744368073055088e-14,5.561639777091671e+22,0.15575299199446402,1.066314848428117e-15,3.3028005746200434e-24,,False,,,0.24114190306500283,semiclassical,0.0,False,2.0,,,,,,,2
spin__MacGibbon_a0.99,spin,MacGibbon_a0.99,8.73,1000000000000.0,5.028992139685286e-19,0.99,False,MacGibbon,2.7255,none,False,0,300,True,1.4264070917110154e+18,45.200113180692306,1.8093989823253082e-08,-999999999999.9531,-0.9999999999999531,1.5483538552903074e-114,30335744309.484207,1.5135612853004673e+40,-8.029627928991012e-06,8.987551787367754e+28,1.9724877174215704e-39,0.0,0.0,4.697747229222035e-14,5.561639777091671e+22,0.26403010011626415,8.473749091710082e-16,3.3028005746200434e-24,,False,,,0.02727846736520938,semiclassical,0.0,False,2.0,,,,,,,2
spin__MacGibbon_a0.999,spin,MacGibbon_a0.999,8.685,1000000000000.0,5.028992139685286e-19,0.999,False,MacGibbon,2.7255,none,False,0,300,True,1.3466058056028613e+18,42.671363018824664,1.8093989823253082e-08,-1000000000000.0021,-1.000000000000002,1.722755428501162e-114,10501466972.411482,1.3857489357838763e+40,-1.5595105748455154e-05,8.987551787368194e+28,1.7478670777570386e-39,0.0,0.0,1.9573946788425146e-15,5.561639777091671e+22,0.33979407347620527,7.758185215212975e-16,3.3028005746200434e-24,,False,,,0.05553124445709656,semiclassical,0.0,False,2.0,,,,,,,2
spin__PageGammaGraviton_a0.0,spin,PageGammaGraviton_a0.0,4.31,1000000000000.0,5.028992139685286e-19,0.0,False,PageGammaGraviton,2.7255,none,False,0,300,True,4.651587206177401e+19,1473.9990386396307,1.8093989823253082e-08,-999999999999.9846,-0.9999999999999846,0.0,122690067059.4017,2.6528868296963427e+40,-7.1660127728153645e-09,8.987551787368038e+28,1.354416920084474e-37,0.0,0.0,1.5463417962855864e-14,4.582386770265749e+22,0.057190958417936644,1.485232053823733e-15,3.3028005746200434e-24,,False,,,0.26694219172441846,semiclassical,0.0,False,2.0,,,,,,,1
spin__PageGammaGraviton_a0.1,spin,PageGammaGraviton_a0.1,8.592,1000000000000.0,5.028992139685286e-19,0.1,False,PageGammaGraviton,2.7255,none,False,0,300,True,4.585781056660667e+19,1453.1463281937367,1.8093989823253082e-08,-1000000000000.0226,-1.0000000000000226,3.7392420297732473e-271,122381798613.15015,2.6462379486549063e+40,-7.737374478364713e-09,8.987551787368379e+28,1.318614620939114e-37,0.0,0.0,2.2510038806688918e-14,4.582386770265749e+22,0.06063444794139161,1.4815096442832052e-15,3.3028005746200434e-24,,False,,,0.26720742391523805,semiclassical,0.0,False,2.0,,,,,,,2
spin__PageGammaGraviton_a0.3,spin,PageGammaGraviton_a0.3,8.683,1000000000000.0,5.028992139685286e-19,0.3,False,PageGammaGraviton,2.7255,none,False,0,300,True,4.30129596388814e+19,1362.998442178157,1.8093989823253082e-08,-1000000000000.0116,-1.0000000000000115,1.3893858395156896e-270,119797857075.14711,2.5917897867332023e+40,-1.344256380152295e-08,8.98755178736828e+28,1.1563498432569056e-37,0.0,0.0,1.1548628605170836e-14,4.582386770265749e+22,0.06935828605820282,1.4510265665835975e-15,3.3028005746200434e-24,,False,,,0.269339029754341,semiclassical,0.0,False,2.0,,,,,,,2
spin__PageGammaGraviton_a0.5,spin,PageGammaGraviton_a0.5,8.652,1000000000000.0,5.028992139685286e-19,0.5,False,PageGammaGraviton,2.7255,none,False,0,300,True,3.8037165886902714e+19,1205.3250528209596,1.8093989823253082e-08,-999999999999.997,-0.999999999999997,3.5126828275438616e-270,113881316567.2555,2.4751771087892686e+40,-3.38739593128132e-08,8.987551787368149e+28,8.916933184836956e-38,0.0,0.0,3.1318314861480233e-15,4.582386770265749e+22,0.0821179933392242,1.3857403714750112e-15,3.3028005746200434e-24,,False,,,0.27350119804256484,semiclassical,0.0,False,2.0,,,,,,,2
spin__PageGammaGraviton_a0.7,spin,PageGammaGraviton_a0.7,8.713,1000000000000.0,5.028992139685286e-19,0.7,False,PageGammaGraviton,2.7255,none,False,0,300,True,3.1576781096319226e+19,1000.607812264533,1.8093989823253082e-08,-1000000000000.0692,-1.0000000000000693,9.542852900618272e-270,102229792161.18013,2.27371348601319e+40,-1.228245645703478e-07,8.987551787368798e+28,5.938298966393498e-38,0.0,0.0,6.909603216314076e-14,4.582386770265749e+22,0.10360472775229912,1.2729499475198609e-15,3.3028005746200434e-24,,False,,,0.27758554338618124,semiclassical,0.0,False,2.0,,,,,,,2
spin__PageGammaGraviton_a0.9,spin,PageGammaGraviton_a0.9,8.717,1000000000000.0,5.028992139685286e-19,0.9,False,PageGammaGraviton,2.7255,none,False,0,300,True,2.3386066248378896e+19,741.059720903329,1.8093989823253082e-08,-999999999999.9824,-0.9999999999999825,3.94390720857526e-269,74489500314.8882,1.904626694812989e+40,-9.430736510849892e-07,8.987551787368018e+28,3.00944694285233e-38,0.0,0.0,1.7616552109582632e-14,4.582386770265749e+22,0.15575299199446402,1.066314848428117e-15,3.3028005746200434e-24,,False,,,0.24114190306500272,semiclassical,0.0,False,2.0,,,,,,,2
spin__PageGammaGraviton_a0.99,spin,PageGammaGraviton_a0.99,8.708,1000000000000.0,5.028992139685286e-19,0.99,False,PageGammaGraviton,2.7255,none,False,0,300,True,1.7971105161342112e+19,569.4699584677577,1.8093989823253082e-08,-999999999999.9639,-0.9999999999999639,1.317350139775948e-268,30335744309.484207,1.5135612853004673e+40,-7.3770749878645895e-06,8.987551787367851e+28,1.6381170752456646e-38,0.0,0.0,3.621180155858652e-14,4.582386770265749e+22,0.26403010011626415,8.473749091710082e-16,3.3028005746200434e-24,,False,,,0.02727846736520984,semiclassical,0.0,False,2.0,,,,,,,2
spin__PageGammaGraviton_a0.999,spin,PageGammaGraviton_a0.999,8.73,1000000000000.0,5.028992139685286e-19,0.999,False,PageGammaGraviton,2.7255,none,False,0,300,True,1.704127033069842e+19,540.0052707017777,1.8093989823253082e-08,-1000000000000.0583,-1.0000000000000584,1.6782894807536032e-268,10501466972.411482,1.3857489357838763e+40,-1.4701770435194242e-05,8.987551787368701e+28,1.447882852787173e-38,0.0,0.0,5.833036142950694e-14,4.582386770265749e+22,0.33979407347620527,7.758185215212975e-16,3.3028005746200434e-24,,False,,,0.055531244457096125,semiclassical,0.0,False,2.0,,,,,,,2
emission__MacGibbon,emission,MacGibbon,2.104,510000000000.0,2.5647859912394957e-19,0.0,False,MacGibbon,2.7255,none,False,0,100,True,3.513113865015308e+17,11.132386065528774,1.8093989823253082e-08,-509999999999.982,-0.9999999999999647,0.0,240568758940.00336,6.900158644040186e+39,-4.0736849301990497e-07,4.583651411557608e+28,7.65366192387315e-41,0.0,0.0,3.530986479480615e-14,5.561639777091671e+22,0.057190958417936644,7.574683474501037e-16,1.684428293056222e-24,,False,,,0.26694219172441863,semiclassical,0.0,False,2.0,,,,,,,1
emission__PageGammaGraviton,emission,PageGammaGraviton,1.983,510000000000.0,2.5647859912394957e-19,0.0,False,PageGammaGraviton,2.7255,none,False,0,100,True,6.170376944866295e+18,195.52744647458283,1.8093989823253082e-08,-509999999999.9951,-0.9999999999999905,0.0,240568758940.00336,6.900158644040186e+39,-2.755099105273112e-08,4.583651411557726e+28,1.215468206345681e-39,0.0,0.0,9.595071955110366e-15,4.582386770265749e+22,0.057190958417936644,7.574683474501037e-16,1.684428293056222e-24,,False,,,0.2669421917244193,semiclassical,0.0,False,2.0,,,,,,,1
emission__PhotonBlackbody,emission,PhotonBlackbody,2.035,510000000000.0,2.5647859912394957e-19,0.0,False,PhotonBlackbody,2.7255,none,False,0,100,True,1.1157909548733706e+19,353.5728176012658,1.8093989823253082e-08,-510000000000.0077,-1.000000000000015,0.0,240568758940.00336,6.900158644040186e+39,-1.523582883133257e-08,4.583651411557839e+28,2.197934490379907e-39,0.0,0.0,1.516021368907438e-14,4.17591735166596e+22,0.057190958417936644,7.574683474501037e-16,1.684428293056222e-24,,False,,,0.2669421917244184,semiclassical,0.0,False,2.0,,,,,,,1
environment__pbh_asteroid_infall,environment,pbh_asteroid_infall,2.685,1000000000000.0,5.028992139685286e-19,0.0,True,MacGibbon,2.7255,none,False,1,100,True,3.0551280037911683e+19,968.1116446723352,1.8093989823253082e-08,-999999999999.9695,-0.9999999999999695,0.0,122690067059.4017,2.6528868296963427e+40,-8.827187153680043e-08,1.797510357473608e+29,1.4203703236527636e-36,0.0,0.0,1.5267678494971614e-14,5.561639777091671e+22,0.057190958417936644,1.485232053823733e-15,3.3028005746200434e-24,4.836432611383586e-29,False,33.35817003495861,1.6898965417283191e+43,0.2669421917244156,norbi,0.0,False,2.0,,,,,,,3
environment__pbh_two_infalls,environment,pbh_two_infalls,3.444,1000000000000.0,5.028992139685286e-19,0.0,False,MacGibbon,2.7255,none,False,2,99,True,1.598018842026739e+20,5063.816139461616,1.8093989823253082e-08,-1000000000000.0984,-1.0000000000000984,0.0,122690067059.4017,2.6528868296963427e+40,-8.827187153680043e-08,3.14564312557895e+29,6.313664261878046e-35,0.0,0.0,2.8074632250826926e-14,5.561639777091671e+22,0.057190958417936644,1.485232053823733e-15,3.3028005746200434e-24,,False,,,0.2669421917244156,semiclassical,0.0,False,2.0,,,,,,,2
environment__stellar_bondi_eddington_100myr,environment,stellar_bondi_eddington_100myr,1.605,1.9884700000000002e+31,10.000000000000002,0.0,False,MacGibbon,2.7255,bondi,False,0,100,False,3155760000000000.0,0.1,1.4660961375748556e+32,1.2672491375748555e+32,6.372985951886905,0.0,6.170073828591917e-09,1.0489548855362517e+79,1.2588443515150582e+16,4.0275586033340226e-15,9.756123277534102e+21,1.265496361272408e+49,1.265496361272408e+48,0.0,456062569514262.4,0.057190958417936644,29533.39382066879,6.56751985861472e-05,,False,,,0.2669421917244167,semiclassical,0.0,False,2.0,,,,,,,1
environment__stellar_disk_spinup_from_0,environment,stellar_disk_spinup_from_0,4.119,1.9884700000000002e+31,10.000000000000002,0.0,False,MacGibbon,0.0,constant,True,0,300,False,19000000000.0,6.020736684665501e-07,1.5317813876835439e+32,1.3329343876835422e+32,6.703316558376752,0.998,6.170073828591917e-09,1.0489548855362517e+79,9.428090415820634e+21,3.622829544612694e-18,0.0,1.7076348395999512e+49,5.096531557529786e+48,1.1314687795167302e-15,0.009373303020898362,0.057190958417936644,29533.39382066879,6.56751985861472e-05,,False,,,0.2669421917244167,semiclassical,0.0,False,2.0,,,,,,,1
environment__sun_in_vacuum_10gyr,environment,sun_in_vacuum_10gyr,1.109,1.9884700000000003e+30,1.0000000000000002,0.0,False,MacGibbon,0.0,none,False,0,100,False,3.15576e+17,10.0,1.9884700000000003e+30,-1.8241095067226317e-27,-9.173432371233317e-58,0.0,6.170073828591917e-08,1.0489548855362514e+77,-5.780254223143176e-45,1.639427865750027e-10,0.0,0.0,0.0,0.0,,0.057190958417936644,2953.3393820668784,6.567519858614716e-06,,False,,,0.2669421917244173,semiclassical,0.0,False,2.0,,,,,,,1
convergence__steps25,convergence,steps25,1.176,1000000000000.0,5.028992139685286e-19,0.0,False,MacGibbon,2.7255,none,False,0,25,True,3.4831654532761073e+18,110.37485275420524,1.8093989823253082e-08,-999999999999.9833,-0.9999999999999832,0.0,122690067059.4017,2.6528868296963427e+40,-8.827187153680043e-08,8.987551787368025e+28,1.0719123416061242e-38,0.0,0.0,1.6833594238045625e-14,5.561639777091671e+22,0.057190958417936644,1.485232053823733e-15,3.3028005746200434e-24,,False,,,0.2669421917244156,semiclassical,0.0,False,2.0,,,,,,,1
convergence__steps50,convergence,steps50,1.466,1000000000000.0,5.028992139685286e-19,0.0,False,MacGibbon,2.7255,none,False,0,50,True,3.48316545327634e+18,110.37485275421263,1.8093989823253082e-08,-1000000000000.0138,-1.0000000000000138,0.0,122690067059.4017,2.6528868296963427e+40,-8.827187153680043e-08,8.9875517873683e+28,1.0719123416062189e-38,0.0,0.0,1.3701762751897602e-14,5.561639777091671e+22,0.057190958417936644,1.485232053823733e-15,3.3028005746200434e-24,,False,,,0.2669421917244156,semiclassical,0.0,False,2.0,,,,,,,1
convergence__steps100,convergence,steps100,2.088,1000000000000.0,5.028992139685286e-19,0.0,False,MacGibbon,2.7255,none,False,0,100,True,3.483165453276151e+18,110.37485275420661,1.8093989823253082e-08,-999999999999.995,-0.999999999999995,0.0,122690067059.4017,2.6528868296963427e+40,-8.827187153680043e-08,8.987551787368131e+28,1.0719123416060976e-38,0.0,0.0,5.0892261649905376e-15,5.561639777091671e+22,0.057190958417936644,1.485232053823733e-15,3.3028005746200434e-24,,False,,,0.2669421917244156,semiclassical,0.0,False,2.0,,,,,,,1
convergence__steps400,convergence,steps400,5.449,1000000000000.0,5.028992139685286e-19,0.0,False,MacGibbon,2.7255,none,False,0,400,True,3.483165453276087e+18,110.3748527542046,1.8093989823253082e-08,-999999999999.9839,-0.9999999999999839,0.0,122690067059.4017,2.6528868296963427e+40,-8.827187153680043e-08,8.98755178736803e+28,1.0719123416063153e-38,0.0,0.0,1.624637583439287e-14,5.561639777091671e+22,0.057190958417936644,1.485232053823733e-15,3.3028005746200434e-24,,False,,,0.2669421917244156,semiclassical,0.0,False,2.0,,,,,,,1
convergence__steps1000,convergence,steps1000,12.275,1000000000000.0,5.028992139685286e-19,0.0,False,MacGibbon,2.7255,none,False,0,1000,True,3.4831654532760545e+18,110.37485275420357,1.8093989823253082e-08,-999999999999.9691,-0.9999999999999691,0.0,122690067059.4017,2.6528868296963427e+40,-8.827187153680043e-08,8.987551787367899e+28,1.0719123416067837e-38,0.0,0.0,3.092683592571173e-14,5.561639777091671e+22,0.057190958417936644,1.485232053823733e-15,3.3028005746200434e-24,,False,,,0.2669421917244156,semiclassical,0.0,False,2.0,,,,,,,1
